Variant_ID	Experimental_dPSI	Predicted_label
chr8_121344432_T_C	21.2265	1
chr8_121344387_C_T	17.6453	0
chr8_121328212_A_G	-14.1971	0
chr8_121328194_A_C	-2.78162	0
chr8_121313012_C_A	4.23288	0
chr8_121312981_A_C	2.75729	0
chr8_86388054_A_G	5.77621	0
chr7_38254676_G_T	8.43012	0
chr7_26223359_A_G	11.5091	0
chr6_11000340_C_G	12.7909	0
chr5_223639_A_G	6.41226	0
chr5_223636_T_C	7.15295	0
chr3_137947806_G_A	-75.8131	0
chr3_137947775_C_A	-55.1194	0
chr3_137947761_A_G	-75.3319	1
chr22_30038203_A_G	0.307822	1
chr22_26884453_A_G	-97.3783	1
chr22_23488857_C_T	-92.7805	0
chr20_49184937_C_T	0.898667	0
chr20_36995459_C_A	9.39143	0
chr20_36995445_C_A	9.68758	0
chr20_18516348_A_G	11.4325	0
chr2_211457638_G_T	2.46822	0
chr2_15769760_G_A	0.588646	0
chr19_18556048_G_C	6.83896	0
chr19_8321589_C_T	-80.4839	0
chr19_8321549_C_G	-85.2179	0
chr19_8321519_G_A	-85.2179	0
chr17_12028632_G_A	7.66667	0
chr17_3486653_T_A	-79.7739	0
chr16_58052921_C_T	0	0
chr16_56873482_A_G	-80.6731	0
chr16_56855473_C_A	-6.65708	0
chr16_47621612_G_A	-83.028	0
chr16_47621611_C_T	-71.9571	0
chr16_47621587_G_A	-82.2028	1
chr16_16286695_G_C	1.28282	0
chr16_4849731_G_C	-97.6934	0
chr16_1364365_A_G	1.05687	0
chr16_675503_C_T	5.39049	0
chr15_79220123_C_G	-9.02767	1
chr15_41029877_A_T	-65.9868	0
chr15_29390703_G_A	9.26712	0
chr15_28234776_A_T	0	0
chr14_103352529_C_T	4.56932	0
chr14_64908137_A_G	-87.4121	0
chr14_64908126_G_C	-89.5467	0
chr14_64908108_G_T	-90.6652	1
chr14_64908103_G_A	-90.3664	1
chr12_3388203_C_A	2.40409	0
chr12_998348_A_G	-94.0477	0
chr11_34163352_C_T	-80.4499	1
chr11_34163330_T_G	-79.332	0
chr11_34163296_G_T	-70.1084	1
chr11_34163273_A_G	-81.1771	0
chr11_33360385_C_T	3.20612	0
chr11_33360355_A_G	5.8588	0
chr10_71255399_A_G	0	0
chr1_40878757_T_C	1.20856	0
chr9_115961153_T_A	-96.9485	0
chr9_95784671_G_T	-90.1049	1
chr9_95784658_C_A	-89.4613	1
chr9_95784631_A_G	-89.436	0
chr8_27401308_G_A	-1.78002	0
chr8_27401291_C_T	2.61962	0
chr8_27394372_G_A	-90.6273	1
chr7_123514832_C_T	-83.6876	0
chr7_123514822_T_C	13.9943	0
chr7_45103564_T_C	-71.8562	0
chr7_45103533_C_T	-72.1274	0
chr7_2418345_A_C	-77.807	0
chr7_2418344_G_A	-77.6525	0
chr6_150535923_T_C	-0.942487	0
chr6_33627314_G_A	7.86323	0
chr4_71501583_A_G	-0.0467183	0
chr20_58581842_G_C	-92.1989	1
chr20_55940465_C_T	4.62963	0
chr20_55931528_T_C	2.11623	0
chr20_18513328_T_G	-3.73203	0
chr20_10536953_T_C	1.49654	0
chr2_211527921_G_A	-93.4048	1
chr2_37410631_C_G	-90.4353	0
chr2_20234078_C_G	-90.787	1
chr19_10229397_G_C	7.63835	0
chr19_8321136_C_T	-79.149	0
chr18_61459654_T_A	-2.95629	0
chr18_56016822_C_A	14.5419	0
chr17_48154767_A_G	0	0
chr16_3729727_C_G	4.56204	0
chr15_81234666_C_T	2.91772	0
chr15_57835897_G_A	3.77552	0
chr15_40921529_T_C	0.206503	0
chr15_31340113_C_G	0.960774	0
chr14_78288812_T_C	0.252854	0
chr14_75472653_A_G	-1.97525	0
chr14_56134003_A_G	-79.8997	0
chr14_24543811_C_T	9.35319	0
chr12_120616672_T_A	0.708263	0
chr12_101755772_G_T	7.1626	0
chr12_58090138_C_T	-78.7532	0
chr12_21679873_C_T	-77.1578	0
chr12_21679857_T_C	-75.2025	0
chr12_21679837_A_G	7.54768	0
chr12_4873143_T_C	-9.62329	0
chr11_130011412_A_G	-86.3205	1
chr11_47317071_G_A	-81.9555	1
chr11_44092837_A_C	1.15555	0
chr10_102733342_T_C	0	0
chr10_71683572_C_T	-56.1077	0
chr10_71682475_C_A	0	0
chr1_220191846_G_C	10.2549	0
chr1_46650921_G_T	3.76867	0
chr1_9019025_G_A	2.38633	0
chr1_9018969_A_G	4.05613	1
chr9_117062361_C_T	6.40161	1
chr4_79516573_G_A	4.84276	0
chr3_153935665_G_C	-7.08467	0
chr3_153912444_A_G	1.80388	0
chr3_151127054_T_C	-88.6209	0
chr3_151127038_C_T	-88.6354	0
chr20_30507720_C_T	-62.5451	0
chr2_201468021_G_A	4.59543	1
chr2_192265184_A_G	0.140171	0
chr2_192265112_G_A	-0.657456	1
chr18_21447840_C_T	0.837321	0
chr16_84476205_G_A	-79.2809	1
chr16_84476200_A_T	-80.4909	0
chr16_84476178_G_C	-81.1554	0
chr16_84476175_C_T	-81.1554	0
chr16_84476154_C_T	-76.9874	0
chr16_57153562_G_A	-98.781	1
chr16_57153498_T_G	0.908904	0
chr16_14687208_G_C	8.66631	0
chr16_4872919_G_C	-72.9623	0
chr15_91419701_C_G	-98.0204	1
chr14_92958575_C_G	-87.8206	0
chr14_92958540_C_G	-83.2854	0
chr13_113888271_G_A	-86.4933	0
chr13_113888232_C_G	5.61168	0
chr12_56528186_C_T	0	0
chr12_56528168_C_T	-91.581	0
chr12_7355285_C_T	-81.0877	0
chr12_7355280_C_T	-77.6626	0
chr12_7355265_G_A	-72.1514	0
chr11_134226222_G_A	5.95934	0
chr11_120343778_G_A	-3.94699	0
chr11_113230164_A_G	11.7393	0
chr11_86153920_C_G	-69.3917	0
chr10_79743756_A_T	-77.1302	0
chr10_71689839_A_C	-77.5924	0
chr10_71689832_G_A	-72.4155	0
chr10_71689831_C_T	-79.6464	0
chr10_71689828_A_G	-79.9121	0
chr10_71683587_C_T	-56.0851	1
chr10_71683574_A_G	-57.0007	0
chr1_230923348_G_A	-92.9856	1
chr1_230923314_G_A	5.23244	0
chr1_151536449_G_A	5.68605	0
chr1_151536388_G_A	5.75053	1
chr12_48525123_G_A	-57.397	1
chr12_48525125_A_G	-84.1916	0
chr1_231333128_T_G	3.59336	0
chr3_14952391_G_A	7.96403	0
chr3_14958760_A_G	-75.8298	0
chr3_14958762_G_A	-77.9965	0
chr3_14958780_T_C	-72.1641	0
chr3_14958804_C_T	-77.3881	0
chr3_14958814_A_G	-74.3654	0
chr5_157181074_T_G	-90.4889	0
chr21_33355876_G_A	0.728551	0
chr3_11421488_A_G	1.57855	0
chr5_148691682_G_A	1.93964	0
chr5_148691736_C_T	2.84431	0
chr11_44948268_A_C	9.24628	0
chr11_47657118_G_C	-95.1128	0
chr15_64429109_C_T	-0.253565	0
chr2_54873076_A_G	-92.7182	0
chr2_31569667_T_A	-75.6676	0
chr8_24255211_C_T	-93.7102	0
chr20_44437804_C_A	2.76994	0
chr12_9073661_G_A	-85.1024	1
chr12_50357903_C_G	-79.2925	0
chr12_50357938_C_T	-83.9143	0
chr12_50357939_G_A	-83.9143	0
chr1_62516656_C_T	5.64401	0
chr2_71762204_C_A	-1.44601	0
chr2_28812547_A_G	-95.1949	0
chr2_28812637_G_A	-98.657	1
chr3_45561787_C_G	8.55984	1
chr3_45561788_G_A	-85.6462	1
chr3_124377287_C_G	8.27029	1
chr3_52156395_C_G	-93.7087	1
chr3_52156481_T_A	-92.8803	0
chr6_139568989_C_G	2.08288	0
chr5_34814715_A_G	5.22786	1
chr5_34814763_C_A	5.25491	0
chr7_94056332_G_A	-76.9693	1
chr7_94056337_A_G	-82.4733	0
chr7_94056337_A_C	-75.348	0
chr7_94056352_C_T	-81.8825	0
chr7_94056353_G_A	-80.5365	0
chr7_94056358_T_C	-81.5994	0
chr7_94056360_C_T	-71.8606	0
chr7_94038093_G_T	11.3429	0
chr7_94034550_G_A	9.48401	0
chr7_94039078_G_A	-15.9785	0
chr7_94039112_T_A	1.24423	0
chr7_94039119_G_A	5.5316	0
chr9_107554264_G_C	7.5246	0
chr9_72090989_G_C	5.19652	0
chrX_8591658_G_C	7.30384	0
chr9_117044587_G_A	6.27937	0
chr11_122827221_T_G	1.97832	0
chr14_21464067_A_G	0.0136859	1
chr14_21468325_T_G	5.86788	1
chr10_72489063_A_T	3.42696	0
chr11_8122058_C_T	-80.5281	0
chr11_8122067_C_T	-85.113	0
chr11_8122070_C_T	-86.5363	0
chr11_8122072_A_G	-86.1664	0
chr11_8122091_C_T	-6.58267	0
chr11_8122134_A_G	4.68665	0
chr11_8122147_A_G	-82.5363	1
chr16_10846484_C_T	-97.3158	0
chr11_113849955_G_A	-86.3902	1
chr11_113849977_C_G	-91.834	0
chr11_60474516_G_T	-2.40243	0
chr17_47886549_C_T	0	1
chr20_34219249_T_A	-58.8286	0
chr16_68095003_A_T	7.31129	0
chr19_16240379_G_A	-73.2501	0
chr12_51097986_C_T	0.88828	0
chr19_4429749_A_G	-77.8552	0
chr11_62543861_C_T	0.249425	0
chr8_43048980_A_G	-84.8182	1
chr1_40097168_C_G	-81.2099	1
chr8_40625210_G_C	6.07012	0
chr3_51126687_G_A	-1.63672	0
chr3_51126697_A_G	-77.2021	0
chr2_189861176_G_A	3.85512	1
chr2_189857662_C_T	2.49576	1
chr3_29941225_G_A	4.21758	0
chr5_155546_A_G	4.42959	0
chr2_135185936_A_G	1.36834	1
chr8_86178844_T_G	3.79273	0
chr8_86178932_G_C	-94.9557	1
chr1_55548969_T_A	-3.46378	0
chr12_57965121_A_G	18.1128	0
chr15_29367160_C_T	-7.3886	0
chr15_29367193_A_T	2.1503	0
chr18_21444812_G_C	-8.11184	0
chr15_41768663_G_A	2.80433	0
chr2_69420547_G_A	1.64314	1
chr4_629746_G_A	3.69067	0
chr4_629752_C_T	9.32785	0
chr1_154303586_C_A	-76.6404	0
chr7_94041930_T_C	0.190943	0
chr7_94041934_C_T	-2.27174	0
chr12_51112762_C_T	-86.7022	1
chr12_51112766_G_C	-85.5254	0
chr10_5471147_A_C	0.807127	0
chr10_5471154_G_A	0.851626	1
chr12_20709598_T_C	0.443763	0
chr11_71189484_A_G	2.34365	0
chr13_61057968_G_T	-75.1204	0
chr21_47533929_A_G	3.28913	1
chr18_694255_T_A	-15.0816	0
chr15_57823950_T_C	5.85659	0
chr9_133339540_G_T	-2.02638	0
chr15_85464233_T_C	-85.0119	0
chr15_85464285_C_T	-83.0596	0
chr15_85461780_G_A	4.81296	0
chr15_85461822_G_T	0.254268	0
chr19_33655120_G_A	-11.4424	1
chr19_33655170_A_G	-92.7477	1
chr10_115356894_T_A	4.27936	0
chr1_26075753_A_T	7.21383	1
chr1_26075794_C_A	6.53765	0
chr11_12270736_G_T	-92.0071	1
chr11_12270754_C_T	-12.7636	0
chrX_91456393_G_A	0.675811	0
chrX_147919244_C_A	-0.528889	0
chrX_147919219_G_A	-91.5879	0
chr9_20948917_A_G	-91.428	0
chr9_20948869_G_T	-86.3332	0
chr9_129246293_A_G	6.12477	0
chr8_25250360_G_T	9.65463	0
chr8_25250313_C_T	10.6077	1
chr8_25216572_A_G	20.3975	0
chr8_25209274_A_G	4.88312	0
chr8_144400245_G_C	1.48636	0
chr7_94050355_G_A	3.25739	0
chr7_94050338_C_G	5.07746	0
chr7_120382656_G_A	-94.1336	1
chr7_120382637_A_T	5.31554	0
chr6_70064130_G_C	5.36025	0
chr4_7668888_A_G	6.94975	0
chr22_32445969_T_C	8.77246	0
chr22_31846345_C_T	-4.09221	0
chr22_31846313_C_G	-78.3918	0
chr22_26107114_A_G	-90.7232	1
chr2_189856425_C_T	-76.7011	0
chr2_189856420_G_A	-73.8802	0
chr2_189856407_G_C	-76.8708	0
chr2_189856398_C_G	-67.2017	0
chr21_17135274_A_T	3.26966	0
chr19_40512006_C_T	-74.761	0
chr18_44585933_G_A	8.53752	1
chr17_79671746_G_A	-99.7539	1
chr17_76392418_C_T	-17.9781	0
chr17_76392411_G_C	-3.92649	0
chr17_75488796_C_T	0.295451	1
chr17_74942519_A_G	-76.0669	0
chr17_74942514_C_A	0	0
chr17_74942509_A_G	-77.5753	0
chr17_29281542_A_G	-96.4255	0
chr15_89857937_A_G	-96.1252	1
chr15_89020238_G_A	-74.6658	0
chr15_89020237_C_T	-75.9948	0
chr15_73848732_G_A	-91.5864	1
chr15_73848719_C_T	-1.39012	0
chr15_73848663_A_G	6.86618	0
chr15_73848648_C_A	2.89294	0
chr15_73848644_C_T	6.76462	1
chr15_65234744_C_T	0	0
chr15_65234687_C_T	-93.8942	0
chr15_22928185_C_T	-82.5119	0
chr1_42693581_T_A	7.25063	0
chr12_56749576_C_G	-75.0489	0
chr11_65977871_T_C	-3.56342	0
chr11_20117218_G_A	-90.2778	1
chr11_12535548_T_A	0	0
chr1_110458279_G_T	-79.5509	0
chr1_109715180_A_G	4.53523	0
chr1_10331592_A_C	-75.4965	0
chr10_21108385_T_A	-62.5336	0
chr20_42208670_A_G	-85.3198	0
chr20_20140068_G_A	-93.5249	0
chr20_3783787_C_T	-86.55	0
chr17_33954658_A_G	3.27859	0
chr17_27794216_T_C	0.977304	0
chr17_17050668_C_T	9.95714	0
chr17_5271704_T_C	3.38242	0
chr17_5271682_A_G	10.2571	0
chr17_5271676_C_T	4.81627	0
chr16_19644460_C_T	6.80151	0
chr15_40684223_A_G	-92.377	1
chr14_75367015_G_A	1.06299	0
chr14_39587220_C_A	-0.254768	0
chr14_39587203_C_G	2.62394	1
chr12_124414299_T_C	4.49534	0
chr12_124414253_C_T	-74.8655	1
chr12_104111587_A_G	2.00316	0
chr10_133962956_C_T	0.688007	0
chr10_3141502_C_T	5.1516	0
chr10_1060198_A_C	0.238388	0
chr9_134358831_A_G	-77.8352	1
chr9_134358764_C_G	-78.7916	0
chr9_134358757_C_T	-64.9677	1
chr9_131735494_C_A	10.2816	0
chr9_117005834_C_G	-86.2572	1
chr9_116279866_G_A	0.243832	0
chr9_101806867_G_A	-8.85735	1
chr9_101806852_C_T	-10.3164	1
chr9_101784380_C_T	-82.8438	0
chr9_101784376_G_A	-72.0007	1
chr9_82320845_C_T	-61.84	0
chr9_34485483_G_A	0.766624	0
chr9_34485457_G_A	-14.5225	0
chr8_139638483_T_A	-88.7189	0
chr7_94051246_T_G	-92.3945	0
chr7_5941312_C_T	-62.471	0
chr6_30547738_A_G	1.55228	0
chr4_114161689_G_A	-80.2897	0
chr4_114161688_C_T	-78.9188	0
chr4_114153373_A_T	5.32666	0
chr3_112054851_T_G	-6.64046	0
chr3_112054824_C_T	-73.9721	0
chr3_112054813_C_G	-80.5968	0
chr3_49019152_G_A	-72.5477	0
chr3_49019134_C_T	-69.6123	0
chr2_227974002_C_G	-89.8452	1
chr2_189929374_T_A	-90.2832	0
chr2_189918150_C_G	-97.3207	1
chr2_189853342_T_C	-5.04628	0
chr2_39181563_T_A	3.92693	0
chr2_39181514_G_T	-95.1826	1
chr2_28855888_C_G	-83.3064	0
chr2_28855855_C_G	-96.6841	0
chr2_28855850_T_G	-96.6841	0
chr2_27722272_C_T	-74.5759	0
chr1_114254369_T_A	-88.7351	1
chrX_107821533_C_G	-84.8898	1
chrY_2710274_G_T	3.28368	0
chrX_153553741_A_G	-5.18488	0
chrX_64936759_A_G	2.92308	0
chr9_137642704_G_A	4.68143	0
chr9_4567746_C_T	-1.70812	0
chr9_4567710_A_G	0.690477	0
chr7_23757151_G_A	-84.7071	0
chr6_70856761_A_T	4.16786	0
chr6_70812095_C_G	17.983	0
chr6_17777566_G_C	4.70783	0
chr4_114186118_G_T	5.57015	1
chr3_38406748_C_T	-73.6719	0
chr3_38406739_G_T	-75.4793	0
chr3_38406729_G_T	1.63031	0
chr3_38406710_G_T	-74.58	1
chr22_24204339_G_A	3.69211	1
chr22_22036779_C_T	6.66618	0
chr20_34806871_G_A	0.904237	0
chr20_34806815_C_G	-80.6059	0
chr20_33971842_T_A	-93.6751	1
chr2_11932078_A_T	16.7352	0
chr19_19455730_T_C	-77.8315	0
chr17_18040975_C_A	-88.0922	0
chr17_1496573_G_C	-2.95393	1
chr16_57785207_G_A	-8.88697	0
chr16_19627503_C_T	-73.3301	0
chr16_19627482_A_T	-72.2274	0
chr16_19627450_G_A	-79.9659	1
chr16_19627445_G_T	-79.3387	1
chr16_19627436_G_A	-68.8156	1
chr16_3562417_C_T	-8.85808	0
chr15_52487633_A_T	8.20984	0
chr15_52487607_C_G	-90.8013	0
chr14_68040573_T_C	6.58199	0
chr14_64565528_G_T	-56.1612	0
chr14_64565527_C_T	-69.9701	0
chr14_64565526_C_G	-66.3266	0
chr14_64565513_G_T	0	0
chr14_64565508_A_G	-69.3461	0
chr14_64565504_G_A	-69.4132	0
chr12_54799710_C_G	-82.3776	1
chr12_48377171_G_C	6.80324	1
chr12_1919446_C_G	1.41909	1
chr11_129997699_G_C	2.23285	0
chr11_103005123_C_G	4.77192	0
chr11_103005050_G_T	-88.6528	1
chr11_57561553_G_A	-82.1119	1
chr11_57561489_G_C	-88.4548	0
chr11_2985923_G_C	8.89955	0
chr1_151665925_A_T	7.87	0
chr1_89427795_C_G	-78.3726	0
chr1_86340337_A_T	5.97521	0
chr1_55194020_G_A	5.7649	1
chr1_26887553_G_A	0	0
chr7_107335067_C_T	2.58402	1
chr6_70778327_A_G	6.8395	0
chr6_70778325_G_A	9.39188	0
chr6_37418098_C_T	-91.6645	0
chr6_37418085_C_A	-13.997	0
chr6_25669780_A_C	-79.6512	0
chr6_25669760_G_A	-79.1072	0
chr6_25661789_A_C	0.678098	0
chr5_125813390_A_T	0.502774	0
chr5_96098051_C_G	1.98427	1
chr5_72795027_A_G	20.1493	1
chr4_184207186_G_A	12.1838	0
chr3_130340667_G_T	-89.3148	0
chr3_130327764_G_A	4.58973	0
chr3_52398710_C_G	2.88301	0
chr22_47507457_C_T	6.89556	0
chr22_47507429_T_G	6.52076	0
chr22_47064049_C_G	-96.4096	0
chr22_47064047_G_A	-1.91457	0
chr22_44372697_A_G	-97.8294	1
chr22_40697009_G_C	-95.9799	1
chr22_38134709_C_A	2.85522	0
chr21_37583933_C_T	-74.7598	0
chr21_37583928_C_T	-75.6736	0
chr21_37583900_G_A	-76.4885	1
chr21_37583851_G_A	-74.3018	1
chr2_242401983_G_C	5.90768	0
chr2_242401979_T_G	18.5097	0
chr2_238664765_A_C	-5.04229	0
chr2_238267678_C_G	-89.4314	1
chr2_71185196_C_A	-70.8505	0
chr2_28771784_A_T	-85.2415	1
chr2_28771774_G_A	10.7412	0
chr2_28771753_G_T	8.66745	0
chr2_28771729_G_A	-86.0004	1
chr19_34818752_C_T	-77.1545	1
chr19_34818741_G_A	-75.523	0
chr19_34818732_C_A	-79.1375	0
chr19_34818711_T_C	15.9253	0
chr19_34818689_C_G	-77.8633	1
chr19_17729274_G_C	-67.0707	0
chr16_90094123_A_G	-80.4897	0
chr16_90094085_C_A	0	0
chr16_89805374_G_C	-7.63194	0
chr16_71418703_A_T	8.51098	0
chr16_70182397_C_T	0	0
chr16_69197028_A_G	-3.50456	0
chr14_65198864_A_G	0.244177	0
chr12_123099633_G_A	-93.0843	1
chr12_121659754_C_A	-79.2957	0
chr12_121659754_C_T	-80.0607	0
chr12_121659745_C_T	-79.5929	0
chr12_121659733_C_T	-80.0084	0
chr9_139312488_A_G	2.4065	0
chr9_112629773_A_G	-2.00256	1
chr7_141311044_C_T	5.82688	0
chr7_140225561_A_T	5.52892	0
chr7_138863328_C_A	-64.3374	1
chr7_137330245_C_G	8.58732	0
chr7_99811416_A_G	-76.8283	0
chr7_99811394_C_G	-67.3097	0
chr7_99811374_C_T	-79.1853	0
chr7_99811371_A_T	-65.2779	0
chr6_159208212_C_G	11.6367	0
chr6_37440242_G_C	1.40565	0
chr5_169484664_G_A	1.9351	0
chr5_169484631_G_A	2.68387	0
chr3_184766339_A_T	10.8353	0
chr3_132047194_C_A	8.75526	0
chr3_132047171_T_A	-84.7638	0
chr3_132047146_C_A	8.88416	0
chr3_120394672_A_T	-86.5712	0
chr3_120394641_G_C	9.95987	1
chr3_120394639_C_G	-61.7449	1
chr3_107474461_C_T	-7.65338	0
chr3_107463479_A_G	3.41523	1
chr3_59908079_T_A	2.59923	0
chr3_57843546_C_T	-76.296	1
chr3_52539373_C_T	-75.6569	0
chr3_52539344_G_A	-81.714	0
chr21_44108079_C_T	11.5177	0
chr21_38572591_G_T	-69.3767	0
chr21_38572590_C_T	-65.7933	0
chr21_38572589_G_A	-70.8314	1
chr21_38572587_G_A	-70.7993	0
chr21_38572566_G_A	-54.9134	0
chr2_238643944_A_G	-95.5808	0
chr2_238643938_G_A	-15.5611	0
chr2_238629424_G_A	-92.7608	1
chr2_234871928_C_G	-5.77953	1
chr2_202688397_C_A	-64.5893	0
chr2_202688389_A_G	28.6724	1
chr2_173356198_A_G	1.2472	0
chr2_131126752_C_T	3.57579	0
chr17_41209148_T_A	3.00953	0
chr12_104054535_C_T	11.3774	0
chr11_118360522_A_C	6.86724	0
chr1_206943183_G_C	5.36643	0
chr1_202538308_A_G	3.31051	0
chr1_164790851_G_A	10.7564	0
chrX_38540510_C_G	1.00501	0
chr7_152522188_T_G	-85.0837	0
chr7_152522162_A_G	-86.7141	1
chr7_152522137_A_G	-88.7089	1
chr6_135514988_G_T	5.33702	0
chr6_90326350_G_A	-72.5267	0
chr6_90326316_T_G	15.6488	0
chr6_80982896_C_T	8.7031	0
chr5_179548096_G_C	6.3915	0
chr3_185985541_G_C	-8.24268	0
chr3_130318631_A_G	-89.889	0
chr3_130318611_G_T	-90.3889	0
chr3_130318608_G_T	-89.5433	0
chr21_44179195_G_A	-89.5492	1
chr21_44179139_G_A	-9.54922	0
chr2_242422894_G_C	11.0519	0
chr2_216209588_C_T	9.79104	0
chr2_179188952_G_A	-78.3793	0
chr2_152586160_T_A	-94.1043	0
chr2_63821719_A_C	-83.5044	1
chr17_38192396_G_C	-71.2267	0
chr12_104078859_A_G	4.37699	0
chr12_104078836_T_C	4.23239	0
chr12_104078772_C_T	4.26243	0
chr1_211534504_G_A	-89.3738	1
chr1_176769248_C_T	2.25161	0
chr1_176769239_G_C	3.04414	0
chr1_160582343_G_C	2.40763	0
