Variant_ID	Experimental_dPSI	Predicted_dPSI
chr15_41029877_A_T	-65.9868	-27.6
chr17_26912345_G_A	-91.7749	-0.0
chr17_26912356_C_T	-89.9329	-60.3
chr17_26912400_C_T	-87.9929	-64.8
chr2_211457638_G_T	2.46822	-3.3
chr17_3486635_T_C	-79.8164	0.1
chr17_3486653_T_A	-79.7739	-48.4
chr17_3486688_G_A	-79.4112	-35.0
chr17_3486702_G_A	-77.7301	-37.6
chr17_3486724_G_A	-79.8711	10.4
chr3_137947761_A_G	-75.3319	-5.1
chr3_137947775_C_A	-55.1194	-26.8
chr3_137947806_G_A	-75.8131	-40.5
chr17_3635682_G_A	6.88876	9.7
chr17_3635760_G_A	-87.2384	6.9
chr1_40878757_T_C	1.20856	1.1
chr22_23488857_C_T	-92.7805	-70.7
chr22_26884453_A_G	-97.3783	-0.1
chr22_30038203_A_G	0.307822	-1.8
chr22_38894090_G_A	-77.9265	0.0
chr22_38894092_T_C	-65.1714	-0.0
chr14_64908103_G_A	-90.3664	-14.8
chr14_64908108_G_T	-90.6652	2.4
chr14_64908126_G_C	-89.5467	-0.0
chr14_64908137_A_G	-87.4121	-79.9
chr20_18407724_G_A	-5.76651	-1.8
chr20_18407763_G_A	-5.96543	-9.0
chr20_18516348_A_G	11.4325	7.7
chr14_103352529_C_T	4.56932	-5.5
chr20_36995445_C_A	9.68758	-3.2
chr20_36995459_C_A	9.39143	9.4
chr20_49184937_C_T	0.898667	-8.2
chr16_675503_C_T	5.39049	-0.0
chr16_1364365_A_G	1.05687	-1.8
chrX_18917332_C_T	-87.332	1.7
chr16_4849723_C_T	-97.7256	-2.1
chr16_4849731_G_C	-97.6934	-28.2
chr16_4849775_T_C	-89.3988	-12.0
chr16_16286695_G_C	1.28282	-0.0
chr16_16286738_C_T	-87.6707	-74.2
chrX_48840272_C_T	-69.7253	7.2
chr19_8321519_G_A	-85.2179	-7.8
chr19_8321549_C_G	-85.2179	-56.2
chr19_8321589_C_T	-80.4839	0.0
chrX_69507979_G_A	-92.9676	-44.8
chr15_28234776_A_T	0	-12.9
chr15_29390703_G_A	9.26712	9.3
chr7_26223359_A_G	11.5091	-38.6
chr19_10103549_C_T	-74.3723	-2.8
chr17_4863374_A_G	4.30232	4.0
chr17_5352141_G_A	8.21128	-11.3
chr7_38254676_G_T	8.43012	-5.5
chr15_42713294_C_T	3.61891	2.5
chr13_37546122_T_C	8.0054	-0.0
chr16_47621587_G_A	-82.2028	-49.2
chr16_47621611_C_T	-71.9571	-12.3
chr16_47621612_G_A	-83.028	-23.8
chr16_56855473_C_A	-6.65708	0.2
chr16_56873482_A_G	-80.6731	-80.0
chr6_11000340_C_G	12.7909	0.9
chr16_58052921_C_T	0	-66.1
chr19_16547753_C_T	8.93962	-90.9
chr19_16547779_G_A	-78.3514	-49.4
chr19_16547789_T_C	-88.3347	-12.0
chr17_12028632_G_A	7.66667	-0.6
chr19_18556048_G_C	6.83896	0.3
chr8_41563756_C_T	-98.7488	0.8
chr15_63634257_C_T	-7.37599	-22.8
chr16_87376546_C_A	-1.81014	-28.1
chr8_72942141_T_C	17.4962	0.3
chr8_86388054_A_G	5.77621	4.2
chr15_79220077_T_C	-89.0277	-84.6
chr15_79220087_C_T	-5.54281	-55.3
chr15_79220112_G_A	-88.6346	-80.3
chr15_79220123_C_G	-9.02767	-20.9
chr8_121312981_A_C	2.75729	3.4
chr8_121313012_C_A	4.23288	-8.8
chr8_121328194_A_C	-2.78162	1.7
chr8_121328212_A_G	-14.1971	-79.1
chr8_121344387_C_T	17.6453	-42.3
chr8_121344432_T_C	21.2265	-0.0
chr10_71255399_A_G	0	3.5
chr19_41893472_C_T	-10.7536	-0.3
chr19_41893508_C_T	-96.3792	-2.8
chr11_33360355_A_G	5.8588	5.7
chr11_33360385_C_T	3.20612	-12.9
chr11_34163273_A_G	-81.1771	-32.2
chr11_34163296_G_T	-70.1084	-65.4
chr11_34163330_T_G	-79.332	-79.8
chr11_34163352_C_T	-80.4499	-49.5
chr12_998348_A_G	-94.0477	-3.5
chr2_15769760_G_A	0.588646	1.1
chr12_3388203_C_A	2.40409	-1.7
chr12_5915235_C_T	19.5126	-14.2
chr12_6748183_G_A	-77.3772	-56.8
chr12_7087833_G_A	-86.0193	-8.6
chr19_48634358_G_A	0.348545	0.1
chr19_48634411_G_A	-3.08876	-21.8
chr5_223636_T_C	7.15295	1.7
chr5_223639_A_G	6.41226	6.3
chr7_123514822_T_C	13.9943	13.4
chr7_123514832_C_T	-83.6876	-48.7
chr10_102733342_T_C	0	3.8
chr9_117170248_G_A	-92.8279	-28.6
chr9_123744195_C_T	6.3698	-1.2
chr17_42959067_G_T	-72.2532	-40.2
chr1_9018969_A_G	4.05613	3.1
chr1_9019025_G_A	2.38633	0.8
chr6_33627314_G_A	7.86323	5.7
chr1_11292496_C_T	1.03275	1.0
chr12_91363916_C_T	1.42535	-17.5
chr12_101755772_G_T	7.1626	-35.1
chr12_120616672_T_A	0.708263	1.1
chr12_120616696_C_T	-79.0662	-18.1
chr12_120616697_G_A	-75.451	-40.6
chr6_150535923_T_C	-0.942487	0.5
chr3_50356387_C_T	-94.0933	-0.0
chr3_50356453_G_A	-93.6214	-65.7
chr3_50431544_A_C	1.76661	-0.0
chr1_46650921_G_T	3.76867	-21.3
chr2_211527921_G_A	-93.4048	-0.0
chr1_115138477_G_A	-67.3868	-13.2
chr9_86928334_T_C	3.168	-12.6
chr9_115961151_G_T	-95.1738	-8.5
chr9_115961153_T_A	-96.9485	-17.4
chr9_115961162_C_T	-96.8635	-54.1
chr9_115961170_G_A	-96.3306	-14.0
chr9_127652750_C_A	-96.921	-7.8
chr14_75472648_T_C	14.1831	13.9
chr14_75472653_A_G	-1.97525	-24.8
chr14_78288812_T_C	0.252854	0.1
chr14_90745422_T_C	0.727013	2.5
chr11_130011412_A_G	-86.3205	-82.3
chr8_27401291_C_T	2.61962	-9.4
chr8_27401308_G_A	-1.78002	-10.8
chr8_27394372_G_A	-90.6273	0.0
chr5_35025904_C_T	-91.0563	-45.4
chr7_2418344_G_A	-77.6525	-70.4
chr7_2418345_A_C	-77.807	-34.0
chr20_44006252_A_C	-94.2549	-15.1
chr20_47868064_C_T	-93.6344	0.0
chr20_55931528_T_C	2.11623	1.8
chr20_58581842_G_C	-92.1989	0.0
chr13_95244495_C_A	-93.2385	0.0
chr19_6684786_C_T	-95.3658	-0.0
chr20_18513328_T_G	-3.73203	-0.7
chr19_50251342_C_A	-95.7653	0.0
chr16_3729727_C_G	4.56204	-0.1
chr17_26913184_A_G	24.8032	18.9
chr14_56134003_A_G	-79.8997	-67.6
chr9_95784631_A_G	-89.436	-88.9
chr9_95784658_C_A	-89.4613	-74.2
chr9_95784671_G_T	-90.1049	0.0
chr9_95420931_A_G	8.69274	-17.3
chr9_95410404_C_T	3.34709	-1.2
chr1_21548295_G_A	0.584962	0.3
chr19_8321136_C_T	-79.149	-64.8
chr14_24543811_C_T	9.35319	0.5
chr11_3060489_C_T	2.31893	-1.2
chr19_2138630_G_A	2.32186	-37.9
chr12_4873143_T_C	-9.62329	3.5
chr6_159190406_T_C	9.93862	-22.0
chr19_10229397_G_C	7.63835	5.5
chr19_10229402_A_G	7.4106	-1.6
chr19_44079138_T_C	3.08181	0.6
chr2_20234078_C_G	-90.787	0.0
chr2_20234108_A_G	2.51388	5.7
chr16_48212539_G_A	0	-24.8
chr14_65245887_C_T	-63.2166	-27.8
chr14_65245962_A_G	-64.6997	15.4
chr17_1399670_G_A	-84.4642	-61.4
chr4_71501583_A_G	-0.0467183	-0.2
chr20_10536953_T_C	1.49654	4.2
chr20_13856742_G_A	5.03376	-37.8
chr20_55940465_C_T	4.62963	-10.7
chr7_140255464_C_T	6.33181	-14.7
chr18_46163049_C_A	10.7842	-0.2
chr15_31340092_C_T	-92.2772	0.0
chr15_31340113_C_G	0.960774	-0.8
chr18_56016822_C_A	14.5419	0.8
chr18_61459654_T_A	-2.95629	5.5
chr12_21679837_A_G	7.54768	5.2
chr12_21679857_T_C	-75.2025	-40.7
chr12_21679873_C_T	-77.1578	-60.7
chr11_44092837_A_C	1.15555	-0.5
chr12_58090138_C_T	-78.7532	10.1
chr11_47317071_G_A	-81.9555	-31.4
chr7_45103533_C_T	-72.1274	-51.4
chr7_45103564_T_C	-71.8562	23.4
chr15_81234666_C_T	2.91772	-33.5
chr17_48154767_A_G	0	-6.9
chr1_220191846_G_C	10.2549	5.7
chr9_111954568_G_A	-92.6834	-2.5
chr15_40921529_T_C	0.206503	-0.1
chr15_57835897_G_A	3.77552	1.6
chr15_72550420_C_T	-72.4112	-38.6
chr2_37410631_C_G	-90.4353	-43.0
chr10_116197618_G_A	-85.6763	-30.3
chr10_71682475_C_A	0	5.2
chr10_71683572_C_T	-56.1077	-41.5
chr10_71683574_A_G	-57.0007	-11.4
chr10_71683587_C_T	-56.0851	-17.2
chr10_71689828_A_G	-79.9121	-68.4
chr10_71689831_C_T	-79.6464	-0.2
chr10_71689832_G_A	-72.4155	9.7
chr10_71689839_A_C	-77.5924	-15.5
chr3_133327738_A_C	-74.6058	8.9
chr3_133327769_T_G	-76.5871	-35.2
chr3_153912444_A_G	1.80388	1.4
chr3_153935665_G_C	-7.08467	-1.8
chr2_192265112_G_A	-0.657456	-0.4
chr2_192265184_A_G	0.140171	0.1
chr4_79516573_G_A	4.84276	-27.3
chr12_7355265_G_A	-72.1514	-43.5
chr12_7355280_C_T	-77.6626	-14.9
chr12_7355285_C_T	-81.0877	-58.3
chr12_51678515_A_G	6.7804	-8.6
chr12_56528168_C_T	-91.581	-21.2
chr12_56528186_C_T	0	1.0
chr13_113888232_C_G	5.61168	5.8
chr13_113888271_G_A	-86.4933	-45.7
chr14_92958540_C_G	-83.2854	-94.8
chr14_92958575_C_G	-87.8206	1.6
chr15_70351761_A_G	2.04493	-0.8
chr15_79264234_C_T	-1.03264	-0.5
chr15_75146363_T_C	-87.5278	-0.0
chr15_75146405_G_A	-8.62084	-14.7
chr15_75146439_G_A	-15.0356	-10.3
chr15_91419701_C_G	-98.0204	-97.3
chr16_4872914_G_A	-57.0805	-29.2
chr16_4872919_G_A	-68.2656	-63.6
chr16_4872919_G_C	-72.9623	17.2
chr16_14687208_G_C	8.66631	-8.2
chr16_57153498_T_G	0.908904	-18.1
chr16_57153562_G_A	-98.781	0.0
chr16_84476154_C_T	-76.9874	-20.4
chr16_84476175_C_T	-81.1554	-59.9
chr16_84476178_G_C	-81.1554	18.7
chr16_84476200_A_T	-80.4909	0.2
chr16_84476205_G_A	-79.2809	0.0
chr17_35557417_G_A	3.36318	0.4
chr18_21447840_C_T	0.837321	-5.1
chr17_74158669_A_G	1.28188	1.2
chr17_74158698_C_T	-92.5494	0.8
chr19_50394671_G_A	0.512667	-0.1
chr19_50394729_G_A	0.374934	0.5
chr1_45341318_G_A	-0.253732	-21.9
chr1_45341367_C_T	-96.9875	-8.1
chr1_151536388_G_A	5.75053	-30.3
chr1_151536449_G_A	5.68605	1.6
chr1_230923314_G_A	5.23244	-4.1
chr1_230923348_G_A	-92.9856	0.0
chr2_201468021_G_A	4.59543	4.5
chr3_151127038_C_T	-88.6354	-26.9
chr3_151127054_T_C	-88.6209	-11.0
chr3_49462862_C_T	-14.2825	-4.8
chr5_96440963_G_A	5.281	-34.0
chr5_150439894_G_A	3.23025	-8.2
chr5_150439955_C_T	3.23025	2.0
chr8_10690422_C_T	4.66004	-57.8
chr8_25279132_G_A	3.04682	0.6
chr9_117062361_C_T	6.40161	-72.0
chr10_17168761_T_C	-66.0181	-0.1
chr10_79743701_G_A	-73.3147	-26.1
chr10_79743702_T_C	-74.1186	4.0
chr10_79743715_T_C	-69.1375	-48.8
chr10_79743719_C_T	-76.3327	-22.3
chr10_79743732_G_A	-75.1247	-60.2
chr10_79743734_C_T	-75.9492	-50.1
chr10_79743756_A_T	-77.1302	-12.9
chr10_79743764_C_T	-58.1722	-19.3
chr10_79743765_G_A	-76.9261	-31.5
chr10_73591631_C_T	1.31485	0.6
chr10_73591644_C_A	1.11818	-0.1
chr10_73580087_G_A	14.2007	-23.0
chr10_103869369_G_T	-85.7841	0.1
chr10_103869392_A_C	-85.1901	-89.7
chr10_103869423_C_A	-87.5962	-24.2
chr10_127798362_G_A	4.33638	-15.8
chr11_113230164_A_G	11.7393	7.8
chr11_113285104_C_T	-87.6929	2.3
chr11_113285105_G_A	-85.7656	-9.0
chr11_134226222_G_A	5.95934	-22.8
chr11_120343778_G_A	-3.94699	-1.0
chr20_30507720_C_T	-62.5451	-61.5
chr10_61955965_C_T	-78.6864	-12.6
chr10_61955974_C_T	-77.5571	-39.4
chr10_61955999_G_A	-71.9014	10.8
chr11_86153891_C_T	-65.8035	5.0
chr11_86153899_G_A	-69.3185	-45.0
chr11_86153911_G_A	-67.7163	-3.2
chr11_86153920_C_G	-69.3917	13.5
chr11_86153920_C_A	-75.5937	-45.0
chr11_86153932_A_G	3.23836	-3.1
chr11_86153949_C_A	-76.1996	-74.8
chr18_43579417_C_T	-65.6722	-42.5
chr18_43579438_C_A	-76.6278	-72.7
chr18_43579439_C_T	-75.2342	-48.5
chr18_43579446_C_T	-71.0676	-2.4
chr18_43579482_G_A	-75.7813	-70.1
chr12_48525123_G_A	-57.397	-75.9
chr12_48525125_A_G	-84.1916	-89.2
chr1_231333128_T_G	3.59336	3.5
chr19_33984227_G_A	0.236204	-3.4
chr3_14952391_G_A	7.96403	-46.0
chr3_14958760_A_G	-75.8298	1.7
chr3_14958762_G_A	-77.9965	-37.0
chr3_14958780_T_C	-72.1641	5.6
chr3_14958804_C_T	-77.3881	-48.1
chr3_14958814_A_G	-74.3654	-3.0
chr5_157181074_T_G	-90.4889	-0.6
chr8_134256622_A_G	7.47711	7.4
chr21_33355876_G_A	0.728551	-0.7
chr8_97258088_C_T	-85.4173	-0.0
chr8_97258140_C_T	13.1232	-9.9
chr3_11421488_A_G	1.57855	2.9
chr5_148691682_G_A	1.93964	1.9
chr5_148691736_C_T	2.84431	-27.3
chr11_44948268_A_C	9.24628	5.6
chr11_47657118_G_C	-95.1128	-17.2
chr15_64429109_C_T	-0.253565	-0.3
chr2_54873076_A_G	-92.7182	-92.3
chr1_26386818_G_A	7.085	-73.4
chr2_31569667_T_A	-75.6676	-76.7
chr2_31569705_G_A	-71.259	-13.9
chr8_24255211_C_T	-93.7102	-87.5
chr20_44437804_C_A	2.76994	-9.0
chr1_21945556_T_C	0	-81.8
chr12_9073661_G_A	-85.1024	0.0
chr9_136674240_A_G	3.59949	2.9
chr19_41201894_C_T	-76.2528	0.0
chr12_50357903_C_G	-79.2925	-0.2
chr12_50357938_C_T	-83.9143	-47.3
chr12_50357939_G_A	-83.9143	-21.0
chr1_62516656_C_T	5.64401	-4.1
chr1_86499578_C_A	-77.5696	-12.6
chr1_86499587_C_A	-84.2699	-84.0
chr1_86499601_A_G	5.66798	-6.3
chr2_71762204_C_A	-1.44601	-4.1
chr2_28812547_A_G	-95.1949	-2.4
chr2_28812637_G_A	-98.657	-0.0
chr3_45561787_C_G	8.55984	-0.0
chr3_45561788_G_A	-85.6462	-0.0
chr3_124377287_C_G	8.27029	-55.4
chr1_37335376_C_T	5.26571	3.9
chr3_196053903_C_A	-66.1263	-28.1
chr1_43634685_C_T	4.73217	-2.4
chr3_52156395_C_G	-93.7087	0.0
chr3_52156481_T_A	-92.8803	-91.0
chr5_31424569_C_T	-84.8717	-19.7
chr6_139568989_C_G	2.08288	-1.0
chr5_34814715_A_G	5.22786	-2.8
chr5_34814763_C_A	5.25491	-0.6
chr7_94056332_G_A	-76.9693	-73.5
chr7_94056337_A_G	-82.4733	-76.7
chr7_94056337_A_C	-75.348	4.1
chr7_94056352_C_T	-81.8825	-74.2
chr7_94056353_G_A	-80.5365	-14.1
chr7_94056358_T_C	-81.5994	-29.2
chr7_94056358_T_G	-82.4733	-8.8
chr7_94056360_C_T	-71.8606	-48.1
chr7_94038093_G_T	11.3429	10.2
chr7_94034550_G_A	9.48401	-2.0
chr7_94039078_G_A	-15.9785	-18.7
chr7_94039112_T_A	1.24423	1.9
chr7_94039119_G_A	5.5316	-5.2
chr7_158552184_T_G	9.82884	-0.0
chr7_158552235_T_C	10.044	-3.2
chr7_2041702_T_C	5.66438	0.0
chr9_107554238_G_A	-51.8367	-37.2
chr9_107554264_G_C	7.5246	-92.1
chr9_107554270_T_C	7.41973	-88.7
chr9_72090989_G_C	5.19652	4.7
chr9_72091019_G_A	5.13572	-49.4
chr9_72091051_A_G	5.18071	-73.6
chrX_8591658_G_C	7.30384	-7.1
chr9_117044587_G_A	6.27937	2.9
chr11_122827221_T_G	1.97832	-23.3
chr11_125324026_C_T	-92.1128	-0.0
chr10_13900912_T_C	6.03669	5.0
chr14_21464067_A_G	0.0136859	-0.4
chr14_21468325_T_G	5.86788	-0.0
chr11_95574816_G_A	-93.8398	-87.5
chr11_95574857_T_C	-5.40848	-62.4
chr11_95574868_A_G	-1.70652	4.4
chr10_72489063_A_T	3.42696	-2.6
chr10_75003602_T_G	-99.0328	0.0
chr11_8122058_C_T	-80.5281	-57.0
chr11_8122067_C_T	-85.113	-59.2
chr11_8122070_C_T	-86.5363	-75.7
chr11_8122072_A_G	-86.1664	-66.9
chr11_8122091_C_T	-6.58267	-41.1
chr11_8122134_A_G	4.68665	-2.1
chr11_8122147_A_G	-82.5363	-0.0
chr11_78270595_A_G	4.9016	3.5
chr18_61022447_C_T	7.72603	7.9
chr16_10846484_C_T	-97.3158	-35.7
chr17_33344546_G_T	-0.264351	0.0
chr11_113849955_G_A	-86.3902	-3.7
chr11_113849977_C_G	-91.834	-2.7
chr16_74508471_A_G	5.97511	6.9
chr16_21071585_C_T	-90.5302	0.0
chr16_21071622_C_T	3.45888	1.7
chr11_60474516_G_T	-2.40243	-0.2
chr17_47886549_C_T	0	-64.8
chr20_34219249_T_A	-58.8286	-67.7
chr16_68095003_A_T	7.31129	-7.4
chr17_80617462_G_T	-79.7884	0.2
chr19_16240379_G_A	-73.2501	-4.3
chr12_51097986_C_T	0.88828	-38.1
chr19_4429749_A_G	-77.8552	-61.2
chr11_63680362_C_T	-81.7996	-33.6
chr17_74008145_C_T	-11.5524	-1.1
chr11_62543861_C_T	0.249425	0.1
chr8_43048980_A_G	-84.8182	-8.9
chr1_40097168_C_G	-81.2099	0.0
chr8_40625170_C_T	6.47799	-10.3
chr8_40625210_G_C	6.07012	-6.3
chr3_51126687_G_A	-1.63672	-17.3
chr3_51126697_A_G	-77.2021	9.8
chr2_189861176_G_A	3.85512	-7.3
chr2_189857662_C_T	2.49576	-0.5
chr4_99397582_A_G	6.60089	5.2
chr3_29941225_G_A	4.21758	-0.6
chr9_136642511_C_T	-1.55578	0.0
chr19_10073533_G_A	-1.3469	-2.2
chr5_155546_A_G	4.42959	-0.5
chr4_7820840_G_A	0.0393807	-0.3
chr4_7820845_A_G	0.266961	-0.7
chr2_135185936_A_G	1.36834	1.0
chr8_86178844_T_G	3.79273	-3.9
chr8_86178932_G_C	-94.9557	0.0
chr1_55548945_C_T	-89.2751	0.0
chr1_55548969_T_A	-3.46378	4.1
chr12_57965121_A_G	18.1128	8.3
chr15_29367160_C_T	-7.3886	-11.4
chr15_29367193_A_T	2.1503	-2.2
chr18_21444812_G_C	-8.11184	0.3
chr16_4405321_T_C	-98.8072	-2.8
chr17_73839579_A_G	-77.7319	7.7
chr17_73839600_T_G	-77.6754	-12.6
chr15_41768663_G_A	2.80433	1.8
chr14_50555865_T_C	8.7406	7.3
chr12_65138685_T_C	4.23545	-2.1
chr15_83519941_G_A	5.92951	-17.7
chr13_74518186_T_C	-0.913714	1.0
chr13_74518188_T_C	0	0.1
chr5_80638551_C_T	-51.3948	-33.6
chr4_2747260_C_T	-13.0415	-20.1
chr2_69420547_G_A	1.64314	0.0
chr4_629746_G_A	3.69067	-3.1
chr4_629752_C_T	9.32785	-0.7
chr11_60669933_G_A	1.96146	-9.9
chr1_11134021_C_T	-78.7563	-39.6
chr1_11134035_C_T	-74.7497	-15.6
chr3_48209339_G_A	4.39352	-0.0
chr1_154303586_C_A	-76.6404	-48.9
chr7_94041930_T_C	0.190943	0.3
chr7_94041934_C_T	-2.27174	-0.5
chr1_86488221_C_T	-85.8258	-0.0
chr1_86488232_G_A	12.1107	-3.9
chrX_74332751_T_C	-94.1503	-95.0
chr12_51112762_C_T	-86.7022	-67.7
chr12_51112766_G_C	-85.5254	-5.8
chr10_5471147_A_C	0.807127	0.3
chr10_5471154_G_A	0.851626	-2.1
chr11_11348656_T_C	0.271864	1.5
chr5_1272362_G_A	-80.2106	-49.7
chr12_20709598_T_C	0.443763	0.2
chr11_71189484_A_G	2.34365	1.3
chr3_167742375_C_T	1.5309	-1.9
chr13_61057968_G_T	-75.1204	2.2
chr8_139672679_C_T	22.5006	0.0
chr8_139674324_T_C	-2.54345	-1.8
chr21_47533929_A_G	3.28913	-30.2
chr18_694255_T_A	-15.0816	-1.2
chr18_694294_G_A	-91.5403	-1.7
chr18_694334_T_C	3.31143	2.7
chr15_57823950_T_C	5.85659	4.8
chr17_131629_C_T	-5.80885	0.1
chr9_133339540_G_T	-2.02638	-16.3
chr15_85464233_T_C	-85.0119	6.8
chr15_85464285_C_T	-83.0596	-52.3
chr15_85461780_G_A	4.81296	-3.0
chr15_85461822_G_T	0.254268	5.2
chr18_55226466_C_T	-75.8258	-14.5
chr12_56749295_C_T	-81.6934	-31.4
chr12_56749296_G_A	-81.5126	-30.7
chr12_56749315_T_C	-81.7139	-8.3
chr3_119904168_A_G	19.9423	5.0
chr15_75816552_A_C	-9.48989	0.0
chr19_33655120_G_A	-11.4424	-59.1
chr19_33655170_A_G	-92.7477	0.0
chr7_75216107_C_T	2.82135	-32.7
chr8_41580710_C_T	-1.55875	-12.9
chr10_115356894_T_A	4.27936	-1.5
chr1_26075753_A_T	7.21383	-43.9
chr1_26075794_C_A	6.53765	-5.4
chr11_12270736_G_T	-92.0071	-65.3
chr11_12270754_C_T	-12.7636	-20.7
chr9_129246293_A_G	6.12477	5.5
chr22_26107114_A_G	-90.7232	-89.3
chr15_89020237_C_T	-75.9948	-67.7
chr15_89020238_G_A	-74.6658	-18.3
chr5_41018804_C_A	-5.24941	-10.5
chr5_41018882_A_G	-0.667217	1.3
chr1_42693581_T_A	7.25063	-16.9
chr14_81961455_G_A	5.06468	-4.4
chr8_141716242_G_A	1.0274	-1.8
chr8_100977658_C_A	-96.4604	-6.9
chr15_91561035_C_A	-88.6532	0.0
chr15_91561061_G_T	-79.6591	-71.5
chr15_91561065_C_T	-88.8541	-83.8
chr15_91561079_G_T	7.53319	-15.4
chr15_91561081_T_C	-87.9903	-27.6
chr15_91561115_G_A	-86.3345	7.5
chr22_32445969_T_C	8.77246	-8.0
chr1_240966234_G_A	-5.79809	-44.8
chr1_240966240_G_A	-75.6144	-67.3
chrX_91456393_G_A	0.675811	-1.5
chr22_31846313_C_G	-78.3918	-29.0
chr22_31846345_C_T	-4.09221	-3.5
chr1_110458279_G_T	-79.5509	-32.6
chr8_144400245_G_C	1.48636	1.1
chr17_79671746_G_A	-99.7539	0.0
chr17_1707988_T_C	4.20454	3.0
chr11_20117218_G_A	-90.2778	-4.6
chr15_73848644_C_T	6.76462	-2.6
chr15_73848648_C_A	2.89294	-4.1
chr15_73848663_A_G	6.86618	-0.9
chr15_73848719_C_T	-1.39012	-4.8
chr15_73848732_G_A	-91.5864	-0.0
chr8_139767401_C_T	1.78851	0.0
chr6_165712974_G_A	-5.1531	-71.2
chr6_70064130_G_C	5.36025	-2.1
chr1_100195220_C_G	6.4281	7.9
chr7_120382637_A_T	5.31554	-4.2
chr7_120382656_G_A	-94.1336	0.0
chr4_7668888_A_G	6.94975	-3.7
chr15_65043805_C_T	-3.86239	-32.7
chr15_89857937_A_G	-96.1252	-0.0
chr1_156514000_G_A	-96.8025	-1.0
chr17_29281542_A_G	-96.4255	-34.2
chr19_4332024_C_T	0.579506	0.5
chr8_139825193_G_A	4.35932	1.7
chr11_65977871_T_C	-3.56342	-2.9
chr17_79564283_G_A	-97.394	-12.6
chr18_44585933_G_A	8.53752	-12.2
chr15_22928185_C_T	-82.5119	-38.6
chr12_132683753_G_A	-1.84834	-28.6
chr12_132683763_C_T	0	-2.6
chr12_132683764_G_A	-83.3382	-35.7
chr7_157387969_G_A	4.28919	-2.2
chr12_56749542_G_A	-75.0489	-9.6
chr12_56749552_C_T	-74.5359	-50.1
chr12_56749576_C_G	-75.0489	-56.6
chrX_147919219_G_A	-91.5879	-72.4
chrX_147919244_C_A	-0.528889	-10.3
chr1_51121164_C_T	6.81095	-13.9
chr1_51121198_T_C	5.66689	2.8
chr17_76392411_G_C	-3.92649	4.8
chr17_76392418_C_T	-17.9781	-58.1
chr1_100181207_T_G	3.68401	-13.6
chr8_25250313_C_T	10.6077	4.8
chr8_25250360_G_T	9.65463	5.9
chr17_75488796_C_T	0.295451	0.0
chr1_145601534_T_C	0.942452	0.0
chr10_25160934_G_A	3.72558	-2.8
chr17_2603710_G_A	8.01621	-16.5
chr15_72546824_C_T	3.17175	6.2
chr1_10331592_A_C	-75.4965	-27.6
chr1_109715180_A_G	4.53523	-8.8
chr15_65234687_C_T	-93.8942	1.4
chr15_65234744_C_T	0	-22.2
chr10_21108353_C_T	-62.6764	0.0
chr10_21108354_G_A	-63.2829	-0.1
chr10_21108375_C_T	-61.9543	-45.9
chr10_21108376_G_A	-57.2602	-49.1
chr10_21108385_T_A	-62.5336	-52.1
chr10_21108395_C_T	-59.1176	-45.5
chr8_139620182_G_A	-98.6241	-0.0
chr21_17135274_A_T	3.26966	0.1
chr8_139647257_G_A	1.67879	0.0
chr19_40512006_C_T	-74.761	-21.1
chr17_74942509_A_G	-77.5753	-75.6
chr17_74942514_C_A	0	-34.1
chr17_74942519_A_G	-76.0669	13.5
chr2_189856398_C_G	-67.2017	1.2
chr2_189856407_G_C	-76.8708	19.3
chr2_189856420_G_A	-73.8802	-3.1
chr2_189856425_C_T	-76.7011	-25.6
chr11_12535548_T_A	0	-0.2
chr8_25209274_A_G	4.88312	3.8
chr9_20948869_G_T	-86.3332	-27.6
chr9_20948917_A_G	-91.428	-50.4
chr1_32145643_C_T	-96.8318	0.0
chr7_94050338_C_G	5.07746	-1.5
chr7_94050355_G_A	3.25739	-7.5
chr8_139635993_C_T	6.37802	-2.2
chr8_25216572_A_G	20.3975	1.2
chr2_189853342_T_C	-5.04628	11.5
chr7_94051246_T_G	-92.3945	-18.7
chr8_139631705_C_T	9.22336	0.1
chr8_139638483_T_A	-88.7189	-17.6
chrX_107821533_C_G	-84.8898	-40.4
chr2_227974002_C_G	-89.8452	-6.0
chr2_227976406_C_T	-64.0125	6.5
chr2_227976418_C_A	-70.5885	25.5
chr2_228004877_C_T	-94.5944	0.0
chr2_228004922_T_C	-53.7761	-93.2
chr2_189912941_T_C	-83.3691	-2.3
chr2_189918150_C_G	-97.3207	0.0
chr2_189929283_C_A	-88.7081	0.0
chr2_189929373_T_C	-84.5036	-80.5
chr2_189929374_T_A	-90.2832	-29.7
chr9_101806852_C_T	-10.3164	0.9
chr9_101806867_G_A	-8.85735	2.5
chr9_101784376_G_A	-72.0007	-1.7
chr9_101784380_C_T	-82.8438	-24.7
chr11_84822762_G_A	0	1.4
chr1_5933317_C_T	4.74195	0.0
chr1_5933318_G_A	4.30282	0.3
chr1_5933326_T_C	4.02138	2.6
chr8_62465610_G_A	-92.3603	-52.7
chr8_62465626_G_A	-92.6222	-3.5
chr10_1060198_A_C	0.238388	0.7
chr3_112054813_C_G	-80.5968	-45.8
chr3_112054824_C_T	-73.9721	-76.4
chr3_112054851_T_G	-6.64046	15.4
chr12_104111587_A_G	2.00316	1.2
chr16_70287676_C_T	-81.7596	-7.2
chr12_124414253_C_T	-74.8655	-49.0
chr12_124414299_T_C	4.49534	2.1
chr2_39181514_G_T	-95.1826	-2.6
chr2_39181563_T_A	3.92693	2.8
chr7_7421243_C_T	-94.731	-9.3
chr17_5271676_C_T	4.81627	-49.7
chr17_5271682_A_G	10.2571	10.2
chr17_5271704_T_C	3.38242	8.8
chr4_141870523_G_A	-1.21353	-2.4
chr1_114254369_T_A	-88.7351	0.0
chr1_114254370_G_A	-92.7227	-0.0
chr1_114254378_G_T	-83.2447	-3.3
chr17_33954658_A_G	3.27859	2.3
chrX_70468317_T_C	-11.1019	3.0
chr10_133962956_C_T	0.688007	-2.2
chr2_28855850_T_G	-96.6841	1.7
chr2_28855855_C_G	-96.6841	-10.4
chr2_28855888_C_G	-83.3064	-4.5
chr20_42208670_A_G	-85.3198	-4.1
chr15_74368255_G_A	17.0583	-3.4
chr7_7495692_C_T	-0.303911	2.5
chr7_7495725_C_T	3.3338	2.8
chr7_5941312_C_T	-62.471	-48.3
chr14_39587203_C_G	2.62394	2.6
chr14_39587220_C_A	-0.254768	1.2
chr10_120921864_C_T	4.19502	-39.0
chr12_9310383_C_A	-84.3924	-81.3
chr20_20140068_G_A	-93.5249	-28.7
chr7_7483254_G_T	-0.360599	-0.3
chr15_70952496_A_G	2.57343	0.0
chr15_70952505_A_G	3.82341	1.1
chr9_131735494_C_A	10.2816	-0.4
chr9_116279866_G_A	0.243832	-0.3
chr17_17050668_C_T	9.95714	-11.1
chr9_117005834_C_G	-86.2572	13.7
chr4_114161688_C_T	-78.9188	-67.7
chr4_114161689_G_A	-80.2897	-27.4
chr10_3141502_C_T	5.1516	-45.5
chr6_33137645_G_A	15.1374	-70.6
chr6_30547738_A_G	1.55228	5.1
chr7_6862966_C_T	-60.7341	4.0
chr9_33926625_C_T	-0.232039	-8.4
chr16_55890328_G_A	0	-44.6
chr4_114153373_A_T	5.32666	-1.6
chr1_86304268_C_T	-88.5157	0.0
chr18_5395617_G_A	-1.98284	-1.0
chr18_5395620_C_T	-18.2116	-5.5
chr2_27722272_C_T	-74.5759	-34.0
chr14_75367015_G_A	1.06299	-2.9
chr9_82320845_C_T	-61.84	-5.2
chr12_50532385_C_T	0	17.3
chr20_3783787_C_T	-86.55	-74.0
chr3_49019134_C_T	-69.6123	-27.7
chr3_49019152_G_A	-72.5477	-0.3
chr7_38574555_A_G	4.35222	3.9
chr1_86306945_T_C	-89.7952	-82.4
chr15_40684223_A_G	-92.377	0.0
chr9_34485457_G_A	-14.5225	-53.9
chr9_34485483_G_A	0.766624	0.9
chr16_19644460_C_T	6.80151	-24.6
chr19_14522326_T_G	6.39772	0.0
chr8_134258883_G_A	1.74542	1.6
chr1_23710860_A_G	2.54829	3.2
chr7_7491950_C_A	-93.9961	0.0
chr9_134358757_C_T	-64.9677	-75.8
chr9_134358764_C_G	-78.7916	11.7
chr9_134358831_A_G	-77.8352	0.1
chr17_27794216_T_C	0.977304	0.7
chr12_54799682_C_T	-82.1912	-18.6
chr12_54799710_C_G	-82.3776	-40.5
chr14_81380718_A_G	1.94125	1.3
chr14_81380736_A_G	1.95232	-6.2
chr6_17777566_G_C	4.70783	-0.1
chr11_17434225_G_A	-64.8701	-43.0
chr11_17434243_G_T	-64.2182	19.7
chr11_17434252_C_A	-66.0014	-7.4
chr11_17434268_C_T	-64.8593	-36.1
chr18_21226153_C_T	-92.8374	0.0
chr3_42597424_G_T	5.30706	-0.0
chr2_24435581_G_A	1.91584	0.9
chr10_28436454_C_A	-1.56205	-0.1
chr9_117126866_G_T	-79.0338	-7.0
chr9_117126894_C_T	-0.467999	0.5
chr7_7516767_G_A	-92.5089	1.7
chr14_68040573_T_C	6.58199	4.4
chr1_151665925_A_T	7.87	-5.2
chr11_57561489_G_C	-88.4548	7.2
chr11_57561553_G_A	-82.1119	0.0
chr11_2985923_G_C	8.89955	12.4
chr16_19627436_G_A	-68.8156	-39.0
chr16_19627445_G_T	-79.3387	-74.4
chr16_19627450_G_A	-79.9659	-29.7
chr16_19627482_A_T	-72.2274	-16.0
chr16_19627503_C_T	-73.3301	-14.5
chr17_1496573_G_C	-2.95393	0.4
chr9_34263145_T_C	-93.4507	-90.0
chr9_34263147_C_T	-87.0697	-67.1
chr7_7484049_C_T	-80.9971	0.0
chr7_7484105_T_C	-1.1658	-2.9
chr7_7484114_G_A	-80.9353	-11.3
chrX_153553741_A_G	-5.18488	-2.6
chr6_70856761_A_T	4.16786	-46.8
chr8_118830695_G_A	6.29822	-79.1
chr22_22036779_C_T	6.66618	-14.9
chr16_48125032_G_A	11.7113	-0.0
chr1_86340337_A_T	5.97521	0.1
chr7_87168602_G_A	1.58574	-2.1
chr14_99872867_G_A	-80.1138	-66.3
chr15_52487607_C_G	-90.8013	-21.4
chr15_52487633_A_T	8.20984	4.5
chr6_33140133_G_A	0.214396	-2.3
chrY_2710274_G_T	3.28368	-3.1
chr12_48377171_G_C	6.80324	-0.1
chr6_31616461_C_A	-82.8772	1.5
chr16_3562417_C_T	-8.85808	-3.8
chr20_34806815_C_G	-80.6059	-67.9
chr20_34806871_G_A	0.904237	-13.3
chr4_114186118_G_T	5.57015	-76.3
chr9_137642704_G_A	4.68143	-2.2
chr1_55194020_G_A	5.7649	-2.2
chr19_19455730_T_C	-77.8315	-0.0
chr4_109766363_C_T	-79.9641	1.4
chr4_109766368_T_G	-78.4338	-6.9
chr20_33971842_T_A	-93.6751	0.1
chr20_33971850_G_A	-4.7082	-9.1
chr20_33971876_T_C	4.857	3.9
chr20_33971932_G_A	-92.488	1.3
chr11_103005050_G_T	-88.6528	-27.2
chr11_103005123_C_G	4.77192	-3.3
chr16_20648694_T_C	-95.4731	-0.0
chr9_4567710_A_G	0.690477	1.4
chr9_4567746_C_T	-1.70812	-3.4
chr1_26887553_G_A	0	-3.2
chr1_89427749_A_G	9.31475	0.0
chr1_89427774_C_T	-80.8936	-73.4
chr1_89427784_C_T	-81.9305	-45.3
chr1_89427787_C_T	-80.7803	-20.9
chr1_89427795_C_G	-78.3726	-3.9
chr3_38406710_G_T	-74.58	-73.0
chr3_38406729_G_T	1.63031	1.6
chr3_38406739_G_T	-75.4793	-19.3
chr3_38406748_C_T	-73.6719	-63.6
chr18_21946864_C_T	6.42739	0.7
chr18_21946879_G_A	-84.7272	-78.0
chr18_21946890_G_A	-69.6256	-12.3
chr18_21946923_G_A	-80.0673	-42.9
chr18_21946927_C_T	-87.6296	8.3
chr7_23757151_G_A	-84.7071	-46.0
chr17_18040975_C_A	-88.0922	-84.0
chr14_64565504_G_A	-69.4132	-18.4
chr14_64565508_A_G	-69.3461	-71.3
chr14_64565513_G_T	0	22.1
chr14_64565526_C_G	-66.3266	-21.5
chr14_64565527_C_T	-69.9701	-22.6
chr14_64565528_G_T	-56.1612	-8.6
chr6_70812095_C_G	17.983	3.6
chr9_131859575_T_C	-87.3618	-92.6
chr2_11932078_A_T	16.7352	-8.0
chrX_64936759_A_G	2.92308	-0.0
chr11_129997699_G_C	2.23285	-1.2
chr1_103431079_G_A	-65.6009	-22.6
chr3_49138836_C_T	3.81183	-17.6
chr16_57785207_G_A	-8.88697	-0.0
chr22_24204339_G_A	3.69211	0.1
chr6_30522376_C_T	-77.1853	-43.6
chr6_30522394_C_T	-77.7709	-36.8
chr12_1919446_C_G	1.41909	-0.0
chr12_1919506_C_A	-94.8227	-3.3
chr11_26705328_G_A	1.39262	-17.0
chr2_28771729_G_A	-86.0004	-5.5
chr2_28771753_G_T	8.66745	-14.8
chr2_28771774_G_A	10.7412	13.5
chr2_28771784_A_T	-85.2415	-82.0
chr14_65198864_A_G	0.244177	0.1
chr7_38937694_A_G	16.8367	-0.1
chr14_51383382_A_G	8.56197	5.6
chr22_38134709_C_A	2.85522	2.5
chr7_7459575_C_T	-86.1464	-42.4
chr6_70778325_G_A	9.39188	9.5
chr6_70778327_A_G	6.8395	-74.4
chr11_57327842_T_C	10.5073	9.4
chr12_48389668_G_T	2.73978	1.1
chr19_17729274_G_C	-67.0707	21.6
chr6_25669760_G_A	-79.1072	-34.3
chr6_25669780_A_C	-79.6512	13.2
chr6_25661789_A_C	0.678098	1.1
chr3_15515542_C_T	-96.0744	0.6
chr22_40697009_G_C	-95.9799	0.0
chr16_89718017_G_A	6.16553	-51.7
chr16_89718024_T_C	-51.453	-0.5
chr17_48273322_C_T	1.57747	-14.8
chr19_58089442_G_A	2.40096	-11.7
chr1_40777361_C_T	-50.3672	-34.2
chr22_47064047_G_A	-1.91457	-7.7
chr22_47064049_C_G	-96.4096	-19.1
chr16_77375655_C_T	19.9501	21.2
chr2_238270409_G_A	-13.5668	-8.2
chr12_101561876_T_C	-78.2441	-0.1
chr12_101561893_A_G	7.32472	5.0
chr12_101561942_C_T	-86.2779	-21.9
chr12_101561954_G_T	-81.6603	1.6
chr12_101561960_C_T	-84.4605	-3.1
chr22_44372697_A_G	-97.8294	-0.0
chr16_89805294_G_A	0.0930684	2.4
chr16_89805374_G_C	-7.63194	0.7
chr4_184207186_G_A	12.1838	-56.1
chr2_238267678_C_G	-89.4314	-0.0
chr2_189943830_C_T	-84.8688	-2.0
chr16_71768513_T_C	-90.4618	-0.1
chr16_71768554_C_T	-77.4061	4.0
chr16_69197028_A_G	-3.50456	0.4
chr22_47507429_T_G	6.52076	4.3
chr22_47507457_C_T	6.89556	-31.9
chr16_70182397_C_T	0	-29.9
chr22_42995713_G_A	0.482878	-0.5
chr22_42995728_G_A	0.532712	0.2
chr22_42995779_T_C	-0.94989	-9.5
chr16_87935542_G_T	-2.65591	-11.9
chr19_34818689_C_G	-77.8633	-54.5
chr19_34818711_T_C	15.9253	17.6
chr19_34818732_C_A	-79.1375	11.6
chr19_34818741_G_A	-75.523	-59.6
chr19_34818752_C_T	-77.1545	-37.1
chr16_71418703_A_T	8.51098	-0.7
chr6_37418085_C_A	-13.997	1.7
chr6_37418098_C_T	-91.6645	-7.0
chr16_90094085_C_A	0	16.4
chr16_90094123_A_G	-80.4897	-0.5
chr2_172749740_T_C	17.2489	7.3
chr6_75811338_G_T	5.98742	-15.2
chr5_141026731_G_A	-71.7292	-63.1
chr2_242401979_T_G	18.5097	-26.2
chr2_242401983_G_C	5.90768	-8.5
chr5_96098051_C_G	1.98427	-10.8
chr3_185369906_G_A	8.44825	-45.6
chr3_73440201_C_T	3.13699	-12.0
chr3_130340667_G_T	-89.3148	3.4
chr12_123099633_G_A	-93.0843	0.0
chr17_27441069_T_C	1.18701	-2.2
chr17_27441075_G_A	1.24692	-4.1
chr5_72795027_A_G	20.1493	0.0
chr3_130327764_G_A	4.58973	-12.4
chr2_71185196_C_A	-70.8505	-72.2
chr2_118732809_T_C	10.9789	1.3
chr2_233348177_C_T	-1.58057	-26.6
chr2_233348216_C_T	4.54952	1.6
chr2_238664765_A_C	-5.04229	1.0
chr1_235850305_T_C	-83.7443	7.6
chr2_178528668_C_A	19.3216	-57.8
chr17_79596828_T_C	1.57188	-0.6
chr8_146003851_C_T	5.3598	-13.0
chr8_146003859_C_A	12.2008	-4.5
chr7_107335067_C_T	2.58402	-0.8
chr3_52398710_C_G	2.88301	-17.4
chr6_146247372_G_T	12.4491	5.9
chr5_125813390_A_T	0.502774	-0.3
chr21_37583851_G_A	-74.3018	-40.3
chr21_37583900_G_A	-76.4885	-49.9
chr21_37583928_C_T	-75.6736	-57.1
chr21_37583933_C_T	-74.7598	4.4
chr5_112419805_C_T	12.6629	0.1
chr5_112419816_T_C	15.208	12.1
chr5_112419852_G_A	13.1786	-27.7
chr1_208070887_A_C	6.85299	-77.2
chr2_207564891_G_A	0.408116	-3.3
chr12_121659733_C_T	-80.0084	-76.7
chr12_121659745_C_T	-79.5929	-67.5
chr12_121659754_C_T	-80.0607	-41.7
chr12_121659754_C_A	-79.2957	-50.0
chr5_179407197_G_A	-14.9089	-2.9
chr5_149301206_C_T	2.58939	0.1
chr5_149301235_A_G	4.03431	3.4
chr1_160519728_G_A	11.1917	-7.6
chr6_139232468_G_A	5.50211	-35.2
chr2_191849108_G_A	9.08923	-71.4
chr5_179298491_C_T	-81.6129	-59.9
chr1_202538308_A_G	3.31051	2.4
chr6_75806976_C_T	8.94222	0.1
chr9_139312488_A_G	2.4065	1.9
chr2_173356198_A_G	1.2472	5.5
chr6_37440242_G_C	1.40565	-3.1
chr7_150939268_G_A	9.12381	-69.7
chr12_121758210_G_A	7.72756	-15.9
chr12_121758233_T_C	8.023	7.4
chr5_169484631_G_A	2.68387	1.1
chr5_169484664_G_A	1.9351	0.0
chr17_41209148_T_A	3.00953	-6.4
chr3_107474461_C_T	-7.65338	-38.9
chr11_118360522_A_C	6.86724	5.7
chr2_131126752_C_T	3.57579	-9.4
chr7_138863328_C_A	-64.3374	-36.9
chr1_155644806_A_G	2.54765	0.0
chr3_107463479_A_G	3.41523	1.4
chr2_233752749_C_T	11.3347	8.1
chr2_220103491_A_G	-56.3466	17.8
chr3_52539344_G_A	-81.714	-47.6
chr3_52539373_C_T	-75.6569	-76.0
chr2_238261985_T_C	-80.6374	0.7
chr2_238261999_C_A	-80.2755	-9.8
chr2_238262020_C_T	-64.2567	-4.5
chr3_37170561_T_C	5.43378	0.6
chr17_1003931_C_T	7.82498	-5.7
chr3_131404745_T_G	-0.328763	0.0
chr21_38572566_G_A	-54.9134	-18.5
chr21_38572587_G_A	-70.7993	-21.9
chr21_38572589_G_A	-70.8314	-8.1
chr21_38572590_C_T	-65.7933	-45.0
chr21_38572591_G_T	-69.3767	-18.5
chr12_104054535_C_T	11.3774	-0.2
chr3_185998483_C_T	6.90622	7.0
chr3_185998519_A_G	15.87	15.8
chr2_238629424_G_A	-92.7608	-70.4
chr17_30200701_T_C	0	7.6
chr17_30200739_A_C	-65.2249	-78.3
chr2_72786600_T_G	9.38827	6.6
chr17_18202881_C_A	-77.899	-0.0
chr17_18202899_A_G	10.869	10.4
chr3_132047146_C_A	8.88416	-6.4
chr3_132047171_T_A	-84.7638	-3.2
chr3_132047194_C_A	8.75526	4.2
chr12_53294390_G_A	-84.6908	-63.3
chr12_53294399_G_T	-87.5884	-70.7
chr21_44108079_C_T	11.5177	13.3
chr1_155746203_T_C	-4.82092	2.6
chr17_48270393_C_A	6.72622	0.7
chr7_141311044_C_T	5.82688	-9.6
chr5_149245733_C_T	-84.773	0.0
chr5_149245782_G_A	10.1883	4.0
chr7_140225561_A_T	5.52892	4.2
chr3_59908079_T_A	2.59923	0.0
chr3_120394639_C_G	-61.7449	0.0
chr3_120394641_G_C	9.95987	-5.8
chr3_120394672_A_T	-86.5712	-5.3
chr3_57843546_C_T	-76.296	-6.9
chr12_102455038_T_C	-88.4183	4.6
chr3_185983065_C_T	-79.4974	3.1
chr3_185983077_A_G	-79.1715	9.3
chr3_185983078_C_T	-79.3929	-21.3
chr3_185983089_G_A	-78.0284	-53.8
chr3_185983093_G_A	-80.0653	-8.3
chr1_206943183_G_C	5.36643	-4.5
chr2_238643938_G_A	-15.5611	0.3
chr2_238643944_A_G	-95.5808	-30.0
chr7_149981855_C_T	-71.4113	-15.3
chr7_149981858_C_T	-77.1451	-9.6
chr7_149981859_G_A	-70.6752	-44.9
chr7_149981865_C_T	-76.5513	-61.2
chr7_149981888_T_G	-72.4343	-15.2
chr7_149981914_C_T	-77.6176	-73.9
chr7_149981915_A_C	-73.7535	-75.2
chr9_112629773_A_G	-2.00256	-0.2
chr7_99811371_A_T	-65.2779	3.5
chr7_99811374_C_T	-79.1853	-34.1
chr7_99811394_C_G	-67.3097	-79.6
chr7_99811416_A_G	-76.8283	-69.5
chr2_175976313_G_A	-96.3923	-18.4
chr2_175976318_G_A	-93.1183	-24.5
chr3_125873443_C_T	1.94352	-0.4
chr6_159208212_C_G	11.6367	10.5
chr1_164790851_G_A	10.7564	-1.5
chr2_191850383_A_G	13.7057	9.5
chr2_191850384_T_C	-4.35817	-3.5
chr11_60668983_C_T	0	-13.1
chr2_234871928_C_G	-5.77953	-7.9
chr5_149313497_C_T	9.08448	-0.2
chr3_184766339_A_T	10.8353	0.0
chr2_202688389_A_G	28.6724	16.5
chr2_202688397_C_A	-64.5893	-6.6
chr7_137330245_C_G	8.58732	8.2
chr17_38192396_G_C	-71.2267	-39.4
chr6_80982896_C_T	8.7031	-23.2
chr3_130318608_G_T	-89.5433	-80.0
chr3_130318611_G_T	-90.3889	1.5
chr3_130318631_A_G	-89.889	-22.5
chr7_142658922_C_T	5.42355	-5.1
chr7_142658943_C_T	5.74546	0.1
chr6_90326316_T_G	15.6488	17.1
chr6_90326350_G_A	-72.5267	-51.6
chr3_62647993_G_A	3.37203	1.4
chr3_62648044_G_T	2.90536	-0.8
chr2_179188952_G_A	-78.3793	-1.1
chr5_179548096_G_C	6.3915	5.3
chr7_152522137_A_G	-88.7089	-88.1
chr7_152522162_A_G	-86.7141	-79.8
chr7_152522188_T_G	-85.0837	-66.7
chr3_69299207_G_A	0.730996	-1.2
chr2_152553170_T_C	-77.2082	-20.9
chr2_152553192_C_A	-77.7526	-44.4
chr1_176769239_G_C	3.04414	-16.7
chr1_176769248_C_T	2.25161	-1.2
chr2_216209588_C_T	9.79104	0.3
chr21_44179139_G_A	-9.54922	-18.9
chr21_44179195_G_A	-89.5492	-0.0
chr6_135514988_G_T	5.33702	-21.2
chr2_63821719_A_C	-83.5044	0.2
chr2_37486727_T_C	-86.3456	-0.0
chr2_152586135_C_A	4.42756	1.3
chr2_152586160_T_A	-94.1043	-81.5
chr12_104078772_C_T	4.26243	-7.7
chr12_104078836_T_C	4.23239	3.0
chr12_104078859_A_G	4.37699	2.9
chr2_191905840_A_G	2.81533	2.8
chr2_238258792_T_C	-92.4742	-1.0
chr2_238258832_T_C	-91.5881	-61.3
chr3_131306346_T_C	0.615859	-88.3
chr5_140057279_C_T	3.88691	-5.5
chr1_211534504_G_A	-89.3738	0.0
chr2_242422894_G_C	11.0519	11.1
chr6_152847264_T_C	5.79614	-37.2
chr1_160582343_G_C	2.40763	1.8
chrX_38540510_C_G	1.00501	-1.1
chr3_170736320_C_T	-87.1879	0.0
chr6_70964667_T_C	-89.9032	0.1
chr3_185985541_G_C	-8.24268	-7.1
